2022061401_T101,2022061401_T201
2022061401_T102,2022061401_T202
2022061401_T103,2022061401_T203
2022062406_T101,2022062406_T201
2022062406_T102,2022062406_T202
2022062406_T103,2022062406_T203
2022062504_T101,2022062504_T201
2022062504_T102,2022062504_T202
2022062504_T103,2022062504_T203
2022090302_T101,2022090302_T201
2022090302_T102,2022090302_T202
2022090302_T103,2022090302_T203
2022090304_T101,2022090304_T201
2022090304_T102,2022090304_T202
2022090304_T103,2022090304_T203
2022092205_T101,2022092205_T201
2022092205_T102,2022092205_T202
2022092205_T103,2022092205_T203
2022062605_T101,2022062605_T201
2022062605_T102,2022062605_T202
2022062605_T103,2022062605_T203
2022091406_T101,2022091406_T201
2022091406_T102,2022091406_T202
2022091406_T103,2022091406_T203
