2022061001_T101,2022061001_T201
2022061001_T102,2022061001_T202
2022061001_T103,2022061001_T203
2022061002_T101,2022061002_T201
2022061002_T102,2022061002_T202
2022061002_T103,2022061002_T203
2022061003_T101,2022061003_T201
2022061003_T102,2022061003_T202
2022061003_T103,2022061003_T203
2022061004_T101,2022061004_T201
2022061004_T102,2022061004_T202
2022061004_T103,2022061004_T203
2022061005_T101,2022061005_T201
2022061005_T102,2022061005_T202
2022061005_T103,2022061005_T203
2022061006_T101,2022061006_T201
2022061006_T102,2022061006_T202
2022061006_T103,2022061006_T203
2022061007_T101,2022061007_T201
2022061007_T102,2022061007_T202
2022061007_T103,2022061007_T203
2022061008_T101,2022061008_T201
2022061008_T102,2022061008_T202
2022061008_T103,2022061008_T203
2022061101_T101,2022061101_T201
2022061101_T102,2022061101_T202
2022061101_T103,2022061101_T203
2022061103_T101,2022061103_T201
2022061103_T102,2022061103_T202
2022061103_T103,2022061103_T203
2022061104_T101,2022061104_T201
2022061104_T102,2022061104_T202
2022061104_T103,2022061104_T203
2022061105_T101,2022061105_T201
2022061105_T102,2022061105_T202
2022061105_T103,2022061105_T203
2022061201_T101,2022061201_T201
2022061201_T102,2022061201_T202
2022061201_T103,2022061201_T203
2022061202_T101,2022061202_T201
2022061202_T102,2022061202_T202
2022061202_T103,2022061202_T203
2022061205_T101,2022061205_T201
2022061205_T102,2022061205_T202
2022061205_T103,2022061205_T203
2022061208_T101,2022061208_T201
2022061208_T102,2022061208_T202
2022061208_T103,2022061208_T203
2022061209_T101,2022061209_T201
2022061209_T102,2022061209_T202
2022061209_T103,2022061209_T203
2022061210_T101,2022061210_T201
2022061210_T102,2022061210_T202
2022061210_T103,2022061210_T203
2022061211_T101,2022061211_T201
2022061211_T102,2022061211_T202
2022061211_T103,2022061211_T203
2022061214_T101,2022061214_T201
2022061214_T102,2022061214_T202
2022061214_T103,2022061214_T203
2022061215_T101,2022061215_T201
2022061215_T102,2022061215_T202
2022061215_T103,2022061215_T203
2022061217_T101,2022061217_T201
2022061217_T102,2022061217_T202
2022061217_T103,2022061217_T203
2022061303_T101,2022061303_T201
2022061303_T102,2022061303_T202
2022061303_T103,2022061303_T203
2022061304_T101,2022061304_T201
2022061304_T102,2022061304_T202
2022061304_T103,2022061304_T203
2022061402_T101,2022061402_T201
2022061402_T102,2022061402_T202
2022061402_T103,2022061402_T203
2022061403_T101,2022061403_T201
2022061403_T102,2022061403_T202
2022061403_T103,2022061403_T203
2022061404_T101,2022061404_T201
2022061404_T102,2022061404_T202
2022061404_T103,2022061404_T203
2022061405_T101,2022061405_T201
2022061405_T102,2022061405_T202
2022061405_T103,2022061405_T203
2022061406_T101,2022061406_T201
2022061406_T102,2022061406_T202
2022061406_T103,2022061406_T203
2022061407_T101,2022061407_T201
2022061407_T102,2022061407_T202
2022061407_T103,2022061407_T203
2022061408_T101,2022061408_T201
2022061408_T102,2022061408_T202
2022061408_T103,2022061408_T203
2022061501_T101,2022061501_T201
2022061501_T102,2022061501_T202
2022061501_T103,2022061501_T203
2022062401_T101,2022062401_T201
2022062401_T102,2022062401_T202
2022062401_T103,2022062401_T203
2022062402_T101,2022062402_T201
2022062402_T102,2022062402_T202
2022062402_T103,2022062402_T203
2022062404_T101,2022062404_T201
2022062404_T102,2022062404_T202
2022062404_T103,2022062404_T203
2022062405_T101,2022062405_T201
2022062405_T102,2022062405_T202
2022062405_T103,2022062405_T203
2022062408_T101,2022062408_T201
2022062408_T102,2022062408_T202
2022062408_T103,2022062408_T203
2022062503_T101,2022062503_T201
2022062503_T102,2022062503_T202
2022062503_T103,2022062503_T203
2022062505_T101,2022062505_T201
2022062505_T102,2022062505_T202
2022062505_T103,2022062505_T203
2022062601_T101,2022062601_T201
2022062601_T102,2022062601_T202
2022062601_T103,2022062601_T203
2022062602_T101,2022062602_T201
2022062602_T102,2022062602_T202
2022062602_T103,2022062602_T203
2022062603_T101,2022062603_T201
2022062603_T102,2022062603_T202
2022062603_T103,2022062603_T203
2022062608_T101,2022062608_T201
2022062608_T102,2022062608_T202
2022062608_T103,2022062608_T203
2022062609_T101,2022062609_T201
2022062609_T102,2022062609_T202
2022062609_T103,2022062609_T203
2022062610_T101,2022062610_T201
2022062610_T102,2022062610_T202
2022062610_T103,2022062610_T203
2022062611_T101,2022062611_T201
2022062611_T102,2022062611_T202
2022062611_T103,2022062611_T203
2022062613_T101,2022062613_T201
2022062613_T102,2022062613_T202
2022062613_T103,2022062613_T203
2022062617_T101,2022062617_T201
2022062617_T102,2022062617_T202
2022062617_T103,2022062617_T203
2022062618_T101,2022062618_T201
2022062618_T102,2022062618_T202
2022062618_T103,2022062618_T203
2022062619_T101,2022062619_T201
2022062619_T102,2022062619_T202
2022062619_T103,2022062619_T203
2022062620_T101,2022062620_T201
2022062620_T102,2022062620_T202
2022062620_T103,2022062620_T203
2022062621_T101,2022062621_T201
2022062621_T102,2022062621_T202
2022062621_T103,2022062621_T203
2022062701_T101,2022062701_T201
2022062701_T102,2022062701_T202
2022062701_T103,2022062701_T203
2022062702_T101,2022062702_T201
2022062702_T102,2022062702_T202
2022062702_T103,2022062702_T203
2022062703_T101,2022062703_T201
2022062703_T102,2022062703_T202
2022062703_T103,2022062703_T203
2022062704_T101,2022062704_T201
2022062704_T102,2022062704_T202
2022062704_T103,2022062704_T203
2022062705_T101,2022062705_T201
2022062705_T102,2022062705_T202
2022062705_T103,2022062705_T203
2022062706_T101,2022062706_T201
2022062706_T102,2022062706_T202
2022062706_T103,2022062706_T203
2022062707_T101,2022062707_T201
2022062707_T102,2022062707_T202
2022062707_T103,2022062707_T203
2022062709_T101,2022062709_T201
2022062709_T102,2022062709_T202
2022062709_T103,2022062709_T203
2022070501_T101,2022070501_T201
2022070501_T102,2022070501_T202
2022070501_T103,2022070501_T203
2022070502_T101,2022070502_T201
2022070502_T102,2022070502_T202
2022070502_T103,2022070502_T203
2022070503_T101,2022070503_T201
2022070503_T102,2022070503_T202
2022070503_T103,2022070503_T203
2022070504_T101,2022070504_T201
2022070504_T102,2022070504_T202
2022070504_T103,2022070504_T203
2022070505_T101,2022070505_T201
2022070505_T102,2022070505_T202
2022070505_T103,2022070505_T203
2022070507_T101,2022070507_T201
2022070507_T102,2022070507_T202
2022070507_T103,2022070507_T203
2022070601_T101,2022070601_T201
2022070601_T102,2022070601_T202
2022070601_T103,2022070601_T203
2022070602_T101,2022070602_T201
2022070602_T102,2022070602_T202
2022070602_T103,2022070602_T203
2022083102_T101,2022083102_T201
2022083102_T102,2022083102_T202
2022083102_T103,2022083102_T203
2022090103_T101,2022090103_T201
2022090103_T102,2022090103_T202
2022090103_T103,2022090103_T203
2022090105_T101,2022090105_T201
2022090105_T102,2022090105_T202
2022090105_T103,2022090105_T203
2022090106_T101,2022090106_T201
2022090106_T102,2022090106_T202
2022090106_T103,2022090106_T203
2022090201_T101,2022090201_T201
2022090201_T102,2022090201_T202
2022090201_T103,2022090201_T203
2022090203_T101,2022090203_T201
2022090203_T102,2022090203_T202
2022090203_T103,2022090203_T203
2022090205_T101,2022090205_T201
2022090205_T102,2022090205_T202
2022090205_T103,2022090205_T203
2022090206_T101,2022090206_T201
2022090206_T102,2022090206_T202
2022090206_T103,2022090206_T203
2022090207_T101,2022090207_T201
2022090207_T102,2022090207_T202
2022090207_T103,2022090207_T203
2022090209_T101,2022090209_T201
2022090209_T102,2022090209_T202
2022090209_T103,2022090209_T203
2022090212_T101,2022090212_T201
2022090212_T102,2022090212_T202
2022090212_T103,2022090212_T203
2022090303_T101,2022090303_T201
2022090303_T102,2022090303_T202
2022090303_T103,2022090303_T203
2022090306_T101,2022090306_T201
2022090306_T102,2022090306_T202
2022090306_T103,2022090306_T203
2022090307_T101,2022090307_T201
2022090307_T102,2022090307_T202
2022090307_T103,2022090307_T203
2022090501_T101,2022090501_T201
2022090501_T102,2022090501_T202
2022090501_T103,2022090501_T203
2022090504_T101,2022090504_T201
2022090504_T102,2022090504_T202
2022090504_T103,2022090504_T203
2022090601_T101,2022090601_T201
2022090601_T102,2022090601_T202
2022090601_T103,2022090601_T203
2022090604_T101,2022090604_T201
2022090604_T102,2022090604_T202
2022090604_T103,2022090604_T203
2022090801_T101,2022090801_T201
2022090801_T102,2022090801_T202
2022090801_T103,2022090801_T203
2022090802_T101,2022090802_T201
2022090802_T102,2022090802_T202
2022090802_T103,2022090802_T203
2022090804_T101,2022090804_T201
2022090804_T102,2022090804_T202
2022090804_T103,2022090804_T203
2022090901_T101,2022090901_T201
2022090901_T102,2022090901_T202
2022090901_T103,2022090901_T203
2022090902_T101,2022090902_T201
2022090902_T102,2022090902_T202
2022090902_T103,2022090902_T203
2022090904_T101,2022090904_T201
2022090904_T102,2022090904_T202
2022090904_T103,2022090904_T203
2022090905_T101,2022090905_T201
2022090905_T102,2022090905_T202
2022090905_T103,2022090905_T203
2022090906_T101,2022090906_T201
2022090906_T102,2022090906_T202
2022090906_T103,2022090906_T203
2022090907_T101,2022090907_T201
2022090907_T102,2022090907_T202
2022090907_T103,2022090907_T203
2022090908_T101,2022090908_T201
2022090908_T102,2022090908_T202
2022090908_T103,2022090908_T203
2022090910_T101,2022090910_T201
2022090910_T102,2022090910_T202
2022090910_T103,2022090910_T203
2022091401_T101,2022091401_T201
2022091401_T102,2022091401_T202
2022091401_T103,2022091401_T203
2022091402_T101,2022091402_T201
2022091402_T102,2022091402_T202
2022091402_T103,2022091402_T203
2022091403_T101,2022091403_T201
2022091403_T102,2022091403_T202
2022091403_T103,2022091403_T203
2022091404_T101,2022091404_T201
2022091404_T102,2022091404_T202
2022091404_T103,2022091404_T203
2022091410_T101,2022091410_T201
2022091410_T102,2022091410_T202
2022091410_T103,2022091410_T203
2022091411_T101,2022091411_T201
2022091411_T102,2022091411_T202
2022091411_T103,2022091411_T203
2022091501_T101,2022091501_T201
2022091501_T102,2022091501_T202
2022091501_T103,2022091501_T203
2022091502_T101,2022091502_T201
2022091502_T102,2022091502_T202
2022091502_T103,2022091502_T203
2022091503_T101,2022091503_T201
2022091503_T102,2022091503_T202
2022091503_T103,2022091503_T203
2022091504_T101,2022091504_T201
2022091504_T102,2022091504_T202
2022091504_T103,2022091504_T203
2022091506_T101,2022091506_T201
2022091506_T102,2022091506_T202
2022091506_T103,2022091506_T203
2022091507_T101,2022091507_T201
2022091507_T102,2022091507_T202
2022091507_T103,2022091507_T203
2022091508_T101,2022091508_T201
2022091508_T102,2022091508_T202
2022091508_T103,2022091508_T203
2022091509_T101,2022091509_T201
2022091509_T102,2022091509_T202
2022091509_T103,2022091509_T203
2022092001_T101,2022092001_T201
2022092001_T102,2022092001_T202
2022092001_T103,2022092001_T203
2022092004_T101,2022092004_T201
2022092004_T102,2022092004_T202
2022092004_T103,2022092004_T203
2022092005_T101,2022092005_T201
2022092005_T102,2022092005_T202
2022092005_T103,2022092005_T203
2022092201_T101,2022092201_T201
2022092201_T102,2022092201_T202
2022092201_T103,2022092201_T203
2022092202_T101,2022092202_T201
2022092202_T102,2022092202_T202
2022092202_T103,2022092202_T203
2022092203_T101,2022092203_T201
2022092203_T102,2022092203_T202
2022092203_T103,2022092203_T203
2022092501_T101,2022092501_T201
2022092501_T102,2022092501_T202
2022092501_T103,2022092501_T203
2022092503_T101,2022092503_T201
2022092503_T102,2022092503_T202
2022092503_T103,2022092503_T203
2022092801_T101,2022092801_T201
2022092801_T102,2022092801_T202
2022092801_T103,2022092801_T203
2022092802_T101,2022092802_T201
2022092802_T102,2022092802_T202
2022092802_T103,2022092802_T203
2022092803_T101,2022092803_T201
2022092803_T102,2022092803_T202
2022092803_T103,2022092803_T203
2022092805_T101,2022092805_T201
2022092805_T102,2022092805_T202
2022092805_T103,2022092805_T203
2022092806_T101,2022092806_T201
2022092806_T102,2022092806_T202
2022092806_T103,2022092806_T203
2022092807_T101,2022092807_T201
2022092807_T102,2022092807_T202
2022092807_T103,2022092807_T203
2022111801_T101,2022111801_T201
2022111801_T102,2022111801_T202
2022111801_T103,2022111801_T203
2022111802_T101,2022111802_T201
2022111802_T102,2022111802_T202
2022111802_T103,2022111802_T203
2022092504_T101,2022092504_T201
2022092504_T102,2022092504_T202
2022092504_T103,2022092504_T203
