2022061001_GRE01.h5,2022061001_T201.h5,
2022061001_GRE02.h5,2022061001_T202.h5
2022061002_GRE01.h5,2022061002_T201.h5,
2022061002_GRE02.h5,2022061002_T202.h5
2022061003_GRE01.h5,2022061003_T201.h5,
2022061003_GRE02.h5,2022061003_T202.h5
2022061004_GRE01.h5,2022061004_T201.h5,
2022061004_GRE02.h5,2022061004_T202.h5
2022061005_GRE01.h5,2022061005_T201.h5,
2022061005_GRE02.h5,2022061005_T202.h5
2022061006_GRE01.h5,2022061006_T201.h5,
2022061006_GRE02.h5,2022061006_T202.h5
2022061007_GRE01.h5,2022061007_T201.h5,
2022061007_GRE02.h5,2022061007_T202.h5
2022061008_GRE01.h5,2022061008_T201.h5,
2022061008_GRE02.h5,2022061008_T202.h5
2022061101_GRE01.h5,2022061101_T201.h5,
2022061101_GRE02.h5,2022061101_T202.h5
2022061103_GRE01.h5,2022061103_T201.h5,
2022061103_GRE02.h5,2022061103_T202.h5
2022061104_GRE01.h5,2022061104_T201.h5,
2022061104_GRE02.h5,2022061104_T202.h5
2022061105_GRE01.h5,2022061105_T201.h5,
2022061105_GRE02.h5,2022061105_T202.h5
2022061201_GRE01.h5,2022061201_T201.h5,
2022061201_GRE02.h5,2022061201_T202.h5
2022061202_GRE01.h5,2022061202_T201.h5,
2022061202_GRE02.h5,2022061202_T202.h5
2022061205_GRE01.h5,2022061205_T201.h5,
2022061205_GRE02.h5,2022061205_T202.h5
2022061208_GRE01.h5,2022061208_T201.h5,
2022061208_GRE02.h5,2022061208_T202.h5
2022061209_GRE01.h5,2022061209_T201.h5,
2022061209_GRE02.h5,2022061209_T202.h5
2022061210_GRE01.h5,2022061210_T201.h5,
2022061210_GRE02.h5,2022061210_T202.h5
2022061211_GRE01.h5,2022061211_T201.h5,
2022061211_GRE02.h5,2022061211_T202.h5
2022061214_GRE01.h5,2022061214_T201.h5,
2022061214_GRE02.h5,2022061214_T202.h5
2022061215_GRE01.h5,2022061215_T201.h5,
2022061215_GRE02.h5,2022061215_T202.h5
2022061217_GRE01.h5,2022061217_T201.h5,
2022061217_GRE02.h5,2022061217_T202.h5
2022061303_GRE01.h5,2022061303_T201.h5,
2022061303_GRE02.h5,2022061303_T202.h5
2022061304_GRE01.h5,2022061304_T201.h5,
2022061304_GRE02.h5,2022061304_T202.h5
2022061402_GRE01.h5,2022061402_T201.h5,
2022061402_GRE02.h5,2022061402_T202.h5
2022061403_GRE01.h5,2022061403_T201.h5,
2022061403_GRE02.h5,2022061403_T202.h5
2022061404_GRE01.h5,2022061404_T201.h5,
2022061404_GRE02.h5,2022061404_T202.h5
2022061405_GRE01.h5,2022061405_T201.h5,
2022061405_GRE02.h5,2022061405_T202.h5
2022061406_GRE01.h5,2022061406_T201.h5,
2022061406_GRE02.h5,2022061406_T202.h5
2022061407_GRE01.h5,2022061407_T201.h5,
2022061407_GRE02.h5,2022061407_T202.h5
2022061408_GRE01.h5,2022061408_T201.h5,
2022061408_GRE02.h5,2022061408_T202.h5
2022061501_GRE01.h5,2022061501_T201.h5,
2022061501_GRE02.h5,2022061501_T202.h5
2022062401_GRE01.h5,2022062401_T201.h5,
2022062401_GRE02.h5,2022062401_T202.h5
2022062402_GRE01.h5,2022062402_T201.h5,
2022062402_GRE02.h5,2022062402_T202.h5
2022062404_GRE01.h5,2022062404_T201.h5,
2022062404_GRE02.h5,2022062404_T202.h5
2022062405_GRE01.h5,2022062405_T201.h5,
2022062405_GRE02.h5,2022062405_T202.h5
2022062408_GRE01.h5,2022062408_T201.h5,
2022062408_GRE02.h5,2022062408_T202.h5
2022062503_GRE01.h5,2022062503_T201.h5,
2022062503_GRE02.h5,2022062503_T202.h5
2022062505_GRE01.h5,2022062505_T201.h5,
2022062505_GRE02.h5,2022062505_T202.h5
2022062601_GRE01.h5,2022062601_T201.h5,
2022062601_GRE02.h5,2022062601_T202.h5
2022062602_GRE01.h5,2022062602_T201.h5,
2022062602_GRE02.h5,2022062602_T202.h5
2022062603_GRE01.h5,2022062603_T201.h5,
2022062603_GRE02.h5,2022062603_T202.h5
2022062608_GRE01.h5,2022062608_T201.h5,
2022062608_GRE02.h5,2022062608_T202.h5
2022062609_GRE01.h5,2022062609_T201.h5,
2022062609_GRE02.h5,2022062609_T202.h5
2022062610_GRE01.h5,2022062610_T201.h5,
2022062610_GRE02.h5,2022062610_T202.h5
2022062611_GRE01.h5,2022062611_T201.h5,
2022062611_GRE02.h5,2022062611_T202.h5
2022062613_GRE01.h5,2022062613_T201.h5,
2022062613_GRE02.h5,2022062613_T202.h5
2022062617_GRE01.h5,2022062617_T201.h5,
2022062617_GRE02.h5,2022062617_T202.h5
2022062618_GRE01.h5,2022062618_T201.h5,
2022062618_GRE02.h5,2022062618_T202.h5
2022062619_GRE01.h5,2022062619_T201.h5,
2022062619_GRE02.h5,2022062619_T202.h5
2022062620_GRE01.h5,2022062620_T201.h5,
2022062620_GRE02.h5,2022062620_T202.h5
2022062621_GRE01.h5,2022062621_T201.h5,
2022062621_GRE02.h5,2022062621_T202.h5
2022062701_GRE01.h5,2022062701_T201.h5,
2022062701_GRE02.h5,2022062701_T202.h5
2022062702_GRE01.h5,2022062702_T201.h5,
2022062702_GRE02.h5,2022062702_T202.h5
2022062703_GRE01.h5,2022062703_T201.h5,
2022062703_GRE02.h5,2022062703_T202.h5
2022062704_GRE01.h5,2022062704_T201.h5,
2022062704_GRE02.h5,2022062704_T202.h5
2022062705_GRE01.h5,2022062705_T201.h5,
2022062705_GRE02.h5,2022062705_T202.h5
2022062706_GRE01.h5,2022062706_T201.h5,
2022062706_GRE02.h5,2022062706_T202.h5
2022062707_GRE01.h5,2022062707_T201.h5,
2022062707_GRE02.h5,2022062707_T202.h5
2022062709_GRE01.h5,2022062709_T201.h5,
2022062709_GRE02.h5,2022062709_T202.h5
2022070501_GRE01.h5,2022070501_T201.h5,
2022070501_GRE02.h5,2022070501_T202.h5
2022070502_GRE01.h5,2022070502_T201.h5,
2022070502_GRE02.h5,2022070502_T202.h5
2022070503_GRE01.h5,2022070503_T201.h5,
2022070503_GRE02.h5,2022070503_T202.h5
2022070504_GRE01.h5,2022070504_T201.h5,
2022070504_GRE02.h5,2022070504_T202.h5
2022070505_GRE01.h5,2022070505_T201.h5,
2022070505_GRE02.h5,2022070505_T202.h5
2022070507_GRE01.h5,2022070507_T201.h5,
2022070507_GRE02.h5,2022070507_T202.h5
2022070601_GRE01.h5,2022070601_T201.h5,
2022070601_GRE02.h5,2022070601_T202.h5
2022070602_GRE01.h5,2022070602_T201.h5,
2022070602_GRE02.h5,2022070602_T202.h5
2022083102_GRE01.h5,2022083102_T201.h5,
2022083102_GRE02.h5,2022083102_T202.h5
2022090103_GRE01.h5,2022090103_T201.h5,
2022090103_GRE02.h5,2022090103_T202.h5
2022090105_GRE01.h5,2022090105_T201.h5,
2022090105_GRE02.h5,2022090105_T202.h5
2022090106_GRE01.h5,2022090106_T201.h5,
2022090106_GRE02.h5,2022090106_T202.h5
2022090201_GRE01.h5,2022090201_T201.h5,
2022090201_GRE02.h5,2022090201_T202.h5
2022090203_GRE01.h5,2022090203_T201.h5,
2022090203_GRE02.h5,2022090203_T202.h5
2022090205_GRE01.h5,2022090205_T201.h5,
2022090205_GRE02.h5,2022090205_T202.h5
2022090206_GRE01.h5,2022090206_T201.h5,
2022090206_GRE02.h5,2022090206_T202.h5
2022090207_GRE01.h5,2022090207_T201.h5,
2022090207_GRE02.h5,2022090207_T202.h5
2022090209_GRE01.h5,2022090209_T201.h5,
2022090209_GRE02.h5,2022090209_T202.h5
2022090212_GRE01.h5,2022090212_T201.h5,
2022090212_GRE02.h5,2022090212_T202.h5
2022090303_GRE01.h5,2022090303_T201.h5,
2022090303_GRE02.h5,2022090303_T202.h5
2022090306_GRE01.h5,2022090306_T201.h5,
2022090306_GRE02.h5,2022090306_T202.h5
2022090307_GRE01.h5,2022090307_T201.h5,
2022090307_GRE02.h5,2022090307_T202.h5
2022090501_GRE01.h5,2022090501_T201.h5,
2022090501_GRE02.h5,2022090501_T202.h5
2022090504_GRE01.h5,2022090504_T201.h5,
2022090504_GRE02.h5,2022090504_T202.h5
2022090601_GRE01.h5,2022090601_T201.h5,
2022090601_GRE02.h5,2022090601_T202.h5
2022090604_GRE01.h5,2022090604_T201.h5,
2022090604_GRE02.h5,2022090604_T202.h5
2022090801_GRE01.h5,2022090801_T201.h5,
2022090801_GRE02.h5,2022090801_T202.h5
2022090802_GRE01.h5,2022090802_T201.h5,
2022090802_GRE02.h5,2022090802_T202.h5
2022090804_GRE01.h5,2022090804_T201.h5,
2022090804_GRE02.h5,2022090804_T202.h5
2022090901_GRE01.h5,2022090901_T201.h5,
2022090901_GRE02.h5,2022090901_T202.h5
2022090902_GRE01.h5,2022090902_T201.h5,
2022090902_GRE02.h5,2022090902_T202.h5
2022090904_GRE01.h5,2022090904_T201.h5,
2022090904_GRE02.h5,2022090904_T202.h5
2022090905_GRE01.h5,2022090905_T201.h5,
2022090905_GRE02.h5,2022090905_T202.h5
2022090906_GRE01.h5,2022090906_T201.h5,
2022090906_GRE02.h5,2022090906_T202.h5
2022090907_GRE01.h5,2022090907_T201.h5,
2022090907_GRE02.h5,2022090907_T202.h5
2022090908_GRE01.h5,2022090908_T201.h5,
2022090908_GRE02.h5,2022090908_T202.h5
2022090910_GRE01.h5,2022090910_T201.h5,
2022090910_GRE02.h5,2022090910_T202.h5
2022091401_GRE01.h5,2022091401_T201.h5,
2022091401_GRE02.h5,2022091401_T202.h5
2022091402_GRE01.h5,2022091402_T201.h5,
2022091402_GRE02.h5,2022091402_T202.h5
2022091403_GRE01.h5,2022091403_T201.h5,
2022091403_GRE02.h5,2022091403_T202.h5
2022091404_GRE01.h5,2022091404_T201.h5,
2022091404_GRE02.h5,2022091404_T202.h5
2022091410_GRE01.h5,2022091410_T201.h5,
2022091410_GRE02.h5,2022091410_T202.h5
2022091411_GRE01.h5,2022091411_T201.h5,
2022091411_GRE02.h5,2022091411_T202.h5
2022091501_GRE01.h5,2022091501_T201.h5,
2022091501_GRE02.h5,2022091501_T202.h5
2022091502_GRE01.h5,2022091502_T201.h5,
2022091502_GRE02.h5,2022091502_T202.h5
2022091503_GRE01.h5,2022091503_T201.h5,
2022091503_GRE02.h5,2022091503_T202.h5
2022091504_GRE01.h5,2022091504_T201.h5,
2022091504_GRE02.h5,2022091504_T202.h5
2022091506_GRE01.h5,2022091506_T201.h5,
2022091506_GRE02.h5,2022091506_T202.h5
2022091507_GRE01.h5,2022091507_T201.h5,
2022091507_GRE02.h5,2022091507_T202.h5
2022091508_GRE01.h5,2022091508_T201.h5,
2022091508_GRE02.h5,2022091508_T202.h5
2022091509_GRE01.h5,2022091509_T201.h5,
2022091509_GRE02.h5,2022091509_T202.h5
2022092001_GRE01.h5,2022092001_T201.h5,
2022092001_GRE02.h5,2022092001_T202.h5
2022092004_GRE01.h5,2022092004_T201.h5,
2022092004_GRE02.h5,2022092004_T202.h5
2022092005_GRE01.h5,2022092005_T201.h5,
2022092005_GRE02.h5,2022092005_T202.h5
2022092201_GRE01.h5,2022092201_T201.h5,
2022092201_GRE02.h5,2022092201_T202.h5
2022092202_GRE01.h5,2022092202_T201.h5,
2022092202_GRE02.h5,2022092202_T202.h5
2022092203_GRE01.h5,2022092203_T201.h5,
2022092203_GRE02.h5,2022092203_T202.h5
2022092501_GRE01.h5,2022092501_T201.h5,
2022092501_GRE02.h5,2022092501_T202.h5
2022092503_GRE01.h5,2022092503_T201.h5,
2022092503_GRE02.h5,2022092503_T202.h5
2022092801_GRE01.h5,2022092801_T201.h5,
2022092801_GRE02.h5,2022092801_T202.h5
2022092802_GRE01.h5,2022092802_T201.h5,
2022092802_GRE02.h5,2022092802_T202.h5
2022092803_GRE01.h5,2022092803_T201.h5,
2022092803_GRE02.h5,2022092803_T202.h5
2022092805_GRE01.h5,2022092805_T201.h5,
2022092805_GRE02.h5,2022092805_T202.h5
2022092806_GRE01.h5,2022092806_T201.h5,
2022092806_GRE02.h5,2022092806_T202.h5
2022092807_GRE01.h5,2022092807_T201.h5,
2022092807_GRE02.h5,2022092807_T202.h5
2022111801_GRE01.h5,2022111801_T201.h5,
2022111801_GRE02.h5,2022111801_T202.h5
2022111802_GRE01.h5,2022111802_T201.h5,
2022111802_GRE02.h5,2022111802_T202.h5
2022092504_GRE01.h5,2022092504_T201.h5,
2022092504_GRE02.h5,2022092504_T202.h5
